<?xml version="1.0" encoding="UTF-8" standalone="yes"?>
<addon id="repository.IsraelFun"
	   name="Israel[B]Fun[/B] repository"
	   version="1.0.0"
	   provider-name="IsraelFun">
	<extension point="xbmc.addon.repository" name="IsraelFun">
		<info compressed="false">https://raw.githubusercontent.com/israelfun/israelfun/master/repository/addons.xml</info>
		<checksum>https://raw.githubusercontent.com/israelfun/israelfun/master/repository/addons.xml.md5</checksum>
		<datadir zip="true">https://raw.githubusercontent.com/Jksp/jksp.repo/master/repository/zips</datadir>
	</extension>
	<extension point="xbmc.addon.metadata">
		<summary>IsraelFun Movies Plugin.</summary>
		<description>Watch movies by IsraelFun</description>
		<platform>all</platform>
	</extension>
</addon>