<?xml version="1.0" encoding="UTF-8" standalone="yes"?>
<addon id="repository.IsraelFun"
     name="Israel[B]Fun[/B] repository"
       version="0.0.1"
       provider-name="IsraelFun">
  <requires>
    <import addon="xbmc.python" version="2.1.0" />
    <import addon="plugin.video.youtube" version="4.4.10" />
  </requires>
  <extension point="xbmc.python.pluginsource" library="main.py">
    <provides>video</provides>
  </extension>
  <extension point="xbmc.addon.metadata">
    <summary lang="en">IsraelFun Movies Plugin</summary>
    <description lang="en">Watch movies by IsraelFun</description>
    <disclaimer> </disclaimer>
    <assets>
      <icon>icon.png</icon>
      <fanart>fanart.jpg</fanart>
      <screenshot>resources/screenshots/screenshot-01.jpg</screenshot>
    </assets>
  </extension>
  <extension point="xbmc.addon.repository" name="Israel[B]Fun[/B] repository">
    <info compressed="false">https://raw.githubusercontent.com/israelfun/israelfun/master/repository/addons.xml</info>
    <checksum>https://raw.githubusercontent.com/israelfun/israelfun/master/repository/addons.xml.md5</checksum>
    <datadir zip="true">https://raw.githubusercontent.com/israelfun/israelfun/master/repository/zips</datadir>
  </extension>
</addon>